搜索词,联想词
8-14岁自行车,8-14岁自行车
8-14岁自行车,8-14岁自行车品牌
8-14岁自行车,8-14岁自行车推荐
8-14岁自行车,凤凰自行车14寸儿童车
8-14岁自行车,8-14岁的自行车
8-14岁自行车,凤凰自行车8-16岁儿童
8-14岁自行车,8-14岁儿童自行车
8-14岁自行车,永久自行车儿童8-14岁
8-14岁自行车,8-14岁儿童平衡车
8-14岁自行车,儿童自行车女孩6-12岁中大童
儿童平价自行车,儿童平价自行车推荐
儿童平价自行车,儿童自行车性价比高的
儿童平价自行车,儿童平价自行车
儿童平价自行车,儿童平价自行车怎么选比较好
儿童平价自行车,儿童平价自行车6-12岁自行车推荐
儿童平价自行车,儿童平价自行车8岁
儿童平价自行车,儿童自行车推荐哪个品牌
儿童平价自行车,平价自行车女生推荐
儿童平价自行车,平价山地自行车
儿童平价自行车,平价公路自行车推荐1000以下
儿童山地车,儿童山地车男6-12岁中大童
儿童山地车,儿童山地车8-15岁中大童山地车
儿童山地车,儿童山地车4-8岁
儿童山地车,儿童山地车越野
儿童山地车,儿童山地车推荐6-10岁官方旗舰店
儿童山地车,儿童山地车软尾10-15岁
儿童山地车,儿童山地车销量排名第一
儿童山地车,儿童山地车10岁到15岁
儿童山地车,儿童山地车女孩3-6岁
儿童山地车,儿童山地车软尾车推荐
儿童自行车,儿童自行车男6-12岁中大童
儿童自行车,儿童自行车女6-12岁中大童凤凰
儿童自行车,儿童自行车女孩6-12岁中大童
儿童自行车,儿童自行车10岁到15岁
儿童自行车,儿童自行车酷骑
儿童自行车,儿童自行车1-3岁
儿童自行车,儿童自行车2-6岁辅助轮
儿童自行车,儿童自行车凤凰
儿童自行车,儿童自行车
儿童自行车,儿童自行车超轻铝合金
青少年自行车,青少年自行车12-18岁男款
青少年自行车,青少年自行车8-16岁儿童
青少年自行车,青少年自行车10-15岁女孩
青少年自行车,青少年自行车12-18岁青春期通用
青少年自行车,青少年自行车12-16岁官方旗舰店
青少年自行车,青少年自行车12-18岁
青少年自行车,青少年自行车女生款12-18岁
青少年自行车,青少年自行车13-16岁
青少年自行车,青少年自行车10-15岁推荐
青少年自行车,青少年自行车男孩10-15岁
